companyticker,year,roce,roe,pat,pe,marketcap
TCS.NS,2019,53.0,38.11,30065.0,23.05,692508.75
TCS.NS,2020,54.0,44.72,33260.0,19.1,634980.0
TCS.NS,2021,53.0,41.39,30960.0,35.61,1102711.0
TCS.NS,2022,61.0,49.48,38187.0,33.97,1297579.8
TCS.NS,2023,64.0,52.46,39106.0,28.78,1125643.98
TCS.NS,2024,75.0,60.4,43559.0,31.68,1380624.56
INFY.NS,2019,31.0,23.44,14702.0,19.17,1405202.04
INFY.NS,2020,32.0,24.98,15543.0,15.43,1198328.94
INFY.NS,2021,35.0,25.23,18048.0,29.03,2619367.5
INFY.NS,2022,39.0,30.64,21235.0,34.63,3675896.79
INFY.NS,2023,44.0,34.35,23268.0,23.84,2773477.24
INFY.NS,2024,46.0,33.55,27234.0,21.91,2983165.25
RELIANCE.NS,2019,11.0,8.68,35163.0,23.9,3939117.99
RELIANCE.NS,2020,9.0,7.9,30903.0,21.89,3170957.97
RELIANCE.NS,2021,6.0,6.73,31944.0,36.2,5877195.5
RELIANCE.NS,2022,8.0,8.29,39084.0,41.66,8142556.95
RELIANCE.NS,2023,10.0,9.22,44190.0,32.71,7228591.42
RELIANCE.NS,2024,10.0,8.16,42042.0,47.63,10011988.5
HDFCBANK.NS,2019,0.0,14.13,21078.0,28.19,594480.55
HDFCBANK.NS,2020,0.0,15.36,26257.0,17.09,448483.2
HDFCBANK.NS,2021,0.0,15.27,31117.0,25.13,781466.77
HDFCBANK.NS,2022,0.0,15.39,36961.0,21.04,778215.45
HDFCBANK.NS,2023,0.0,15.74,44109.0,19.64,866451.24
HDFCBANK.NS,2024,0.0,13.81,60812.0,17.93,1090524.0
ICICIBANK.NS,2019,0.0,3.1,3363.0,74.18,499113.69
ICICIBANK.NS,2020,0.0,6.81,7931.0,25.76,408624.3
ICICIBANK.NS,2021,0.0,10.98,16193.0,24.23,784631.22
ICICIBANK.NS,2022,0.0,13.69,23339.0,21.25,992279.3
ICICIBANK.NS,2023,0.0,15.89,31896.0,18.88,1205136.02
ICICIBANK.NS,2024,0.0,17.15,40888.0,18.72,1531815.3
KOTAKBANK.NS,2019,0.0,11.47,4865.0,52.36,1273256.1
KOTAKBANK.NS,2020,0.0,12.26,5947.0,41.56,1236587.55
KOTAKBANK.NS,2021,0.0,11.02,6965.0,49.74,1731990.52
KOTAKBANK.NS,2022,0.0,11.91,8573.0,40.51,1735444.48
KOTAKBANK.NS,2023,0.0,13.18,10939.0,31.41,1717423.29
KOTAKBANK.NS,2024,0.0,14.25,13782.0,25.8,1778007.56
LT.NS,2019,16.0,14.97,7491.0,24.49,367584.53
LT.NS,2020,13.0,12.8,6679.0,16.17,216153.63
LT.NS,2021,12.0,19.11,11798.0,16.21,382657.37
LT.NS,2022,13.0,11.74,7879.0,30.59,482108.89
LT.NS,2023,14.0,10.97,7849.0,38.09,597821.88
LT.NS,2024,15.0,14.46,9331.0,55.58,1037542.0
SBIN.NS,2019,0.0,0.39,862.0,307.02,265646.52
SBIN.NS,2020,0.0,6.24,14488.0,11.19,162022.88
SBIN.NS,2021,0.0,8.04,20410.0,14.7,299845.8
SBIN.NS,2022,0.0,11.31,31676.0,12.95,409972.12
SBIN.NS,2023,0.0,15.33,50232.0,8.8,441852.2
SBIN.NS,2024,0.0,16.19,61077.0,10.68,652150.12
AXISBANK.NS,2019,0.0,7.01,4677.0,41.86,391395.58
AXISBANK.NS,2020,0.0,1.92,1627.0,65.41,212864.88
AXISBANK.NS,2021,0.0,6.48,6588.0,32.3,425759.15
AXISBANK.NS,2022,0.0,11.31,13025.0,17.86,465405.86
AXISBANK.NS,2023,0.0,7.64,9580.0,27.5,526581.45
AXISBANK.NS,2024,0.0,16.46,24861.0,13.05,648707.63
BAJFINANCE.NS,2019,0.0,19.88,3890.0,43.88,33957.2
BAJFINANCE.NS,2020,0.0,15.34,4881.0,26.94,26218.8
BAJFINANCE.NS,2021,0.0,11.01,3956.0,77.41,60937.2
BAJFINANCE.NS,2022,0.0,15.1,6350.0,68.24,86620.27
BAJFINANCE.NS,2023,0.0,19.98,10290.0,32.58,67014.64
BAJFINANCE.NS,2024,0.0,17.56,12644.0,35.15,89034.48
HINDUNILVR.NS,2019,119.0,78.81,6036.0,54.75,329680.8
HINDUNILVR.NS,2020,120.0,83.9,6738.0,67.54,453973.68
HINDUNILVR.NS,2021,38.0,16.77,7954.0,66.84,531720.4
HINDUNILVR.NS,2022,24.0,18.08,8818.0,51.48,454012.95
HINDUNILVR.NS,2023,26.0,19.84,9962.0,57.83,576264.65
HINDUNILVR.NS,2024,27.0,19.84,10114.0,51.65,522499.0
ITC.NS,2019,34.0,21.51,12464.0,22.47,280190.04
ITC.NS,2020,32.0,23.64,15136.0,10.93,165349.66
ITC.NS,2021,28.0,22.09,13032.0,17.4,226848.68
ITC.NS,2022,33.0,24.52,15058.0,18.19,273861.28
ITC.NS,2023,38.0,27.74,18753.0,23.43,439499.94
ITC.NS,2024,36.0,28.27,20422.0,24.77,505789.44
NESTLEIND.NS,2024,169.0,0.0,0.0,0.0,244544.64
MARICO.NS,2019,36.0,32.36,1129.0,36.32,40998.78
MARICO.NS,2020,40.0,34.87,1007.0,32.86,33061.41
MARICO.NS,2021,44.0,36.44,1106.0,45.68,50444.16
MARICO.NS,2022,44.0,38.14,1163.0,54.17,62895.24
MARICO.NS,2023,43.0,32.06,1179.0,51.38,60453.27
MARICO.NS,2024,37.0,29.97,1078.0,59.21,63620.22
BRITANNIA.NS,2019,47.0,27.78,1122.0,58.77,65869.2
BRITANNIA.NS,2020,41.0,34.71,1484.0,39.43,58410.96
BRITANNIA.NS,2021,47.0,53.03,1760.0,46.39,81350.64
BRITANNIA.NS,2022,47.0,66.74,1603.0,45.96,73417.92
BRITANNIA.NS,2023,53.0,67.24,2139.0,47.23,100672.56
BRITANNIA.NS,2024,53.0,59.03,2082.0,55.9,115975.2
COLPAL.NS,2019,73.0,53.63,776.0,38.16,29386.8
COLPAL.NS,2020,65.0,51.19,816.0,36.84,29856.6
COLPAL.NS,2021,92.0,88.77,1035.0,37.5,38543.04
COLPAL.NS,2022,92.0,62.17,1078.0,36.05,38595.69
COLPAL.NS,2023,79.0,61.01,1047.0,37.18,38646.99
COLPAL.NS,2024,97.0,70.65,1324.0,54.25,71291.34
DABUR.NS,2019,35.0,31.85,1264.0,53.22,67452.93
DABUR.NS,2020,34.0,25.57,1170.0,65.03,76200.27
DABUR.NS,2021,33.0,25.64,1382.0,66.55,92119.65
DABUR.NS,2022,32.0,24.44,1433.0,64.25,92234.7
DABUR.NS,2023,28.0,21.84,1373.0,68.97,94606.5
DABUR.NS,2024,28.0,21.82,1509.0,61.52,92779.86
GODREJCP.NS,2019,32.0,35.63,1755.0,37.88,66338.76
GODREJCP.NS,2020,28.0,23.02,1180.0,43.89,51657.9
GODREJCP.NS,2021,27.0,19.25,1224.0,59.27,72366.96
GODREJCP.NS,2022,24.0,18.84,1479.0,50.25,74117.28
GODREJCP.NS,2023,22.0,16.13,1514.0,63.61,96021.78
GODREJCP.NS,2024,24.0,6.77,647.0,189.62,122430.6
EMAMILTD.NS,2019,19.0,14.78,305.0,53.66,16227.45
EMAMILTD.NS,2020,17.0,16.04,289.0,24.57,7042.5
EMAMILTD.NS,2021,30.0,27.0,475.0,42.66,20066.64
EMAMILTD.NS,2022,31.0,40.8,851.0,22.1,18744.88
EMAMILTD.NS,2023,26.0,25.35,574.0,26.78,15319.92
EMAMILTD.NS,2024,31.0,29.08,693.0,27.33,19107.88
JUBLFOOD.NS,2019,43.0,24.4,323.0,58.79,37946.04
JUBLFOOD.NS,2020,29.0,23.25,275.0,69.99,38525.52
JUBLFOOD.NS,2021,16.0,15.63,234.0,163.1,76214.16
JUBLFOOD.NS,2022,22.0,21.25,438.0,79.0,69140.28
JUBLFOOD.NS,2023,18.0,16.59,356.0,81.13,57827.88
JUBLFOOD.NS,2024,12.0,10.58,234.0,128.22,59916.12
ASIANPAINT.NS,2019,37.0,24.11,2132.0,63.5,135518.4
ASIANPAINT.NS,2020,36.0,28.08,2654.0,57.6,153001.92
ASIANPAINT.NS,2021,36.0,25.25,3052.0,76.45,233521.92
ASIANPAINT.NS,2022,32.0,23.48,3135.0,90.9,285192.96
ASIANPAINT.NS,2023,36.0,26.31,4100.0,62.76,257564.16
ASIANPAINT.NS,2024,40.0,29.06,5315.0,50.76,270016.32
BERGEPAINT.NS,2019,29.0,18.51,436.0,71.46,25925.19
BERGEPAINT.NS,2020,31.0,26.63,699.0,67.83,39479.97
BERGEPAINT.NS,2021,28.0,20.77,681.0,107.12,60684.17
BERGEPAINT.NS,2022,25.0,19.93,750.0,89.3,55695.46
BERGEPAINT.NS,2023,24.0,19.28,828.0,67.43,46507.62
BERGEPAINT.NS,2024,26.0,20.28,1015.0,64.62,65853.45
KANSAINER.NS,2019,21.0,13.64,467.0,49.65,15497.46
KANSAINER.NS,2020,19.0,14.13,535.0,38.04,13599.9
KANSAINER.NS,2021,18.0,13.02,531.0,60.19,21322.44
KANSAINER.NS,2022,12.0,8.97,374.0,66.75,16687.62
KANSAINER.NS,2023,14.0,10.55,486.0,42.55,13833.18
KANSAINER.NS,2024,17.0,20.93,1183.0,18.59,22023.9
PIDILITIND.NS,2019,35.0,23.38,979.0,63.25,62191.44
PIDILITIND.NS,2020,35.0,24.68,1102.0,61.5,67995.24
PIDILITIND.NS,2021,29.0,19.44,1081.0,83.58,90703.5
PIDILITIND.NS,2022,27.0,18.77,1191.0,103.3,123484.26
PIDILITIND.NS,2023,24.0,17.68,1257.0,94.27,118896.81
PIDILITIND.NS,2024,31.0,21.58,1799.0,85.82,154845.18
TITAN.NS,2019,27.0,22.23,1374.0,70.67,97366.0
TITAN.NS,2020,24.0,22.23,1517.0,53.59,81512.43
TITAN.NS,2021,14.0,11.61,877.0,155.28,136542.91
TITAN.NS,2022,22.0,23.26,2180.0,101.93,222793.7
TITAN.NS,2023,26.0,27.79,3333.0,66.36,221708.79
TITAN.NS,2024,22.0,24.51,3544.0,93.06,330637.67
BAJAJ-AUTO.NS,2019,31.0,21.46,4675.0,14.77,689750.52
BAJAJ-AUTO.NS,2020,31.0,25.6,5100.0,10.03,511099.39
BAJAJ-AUTO.NS,2021,26.0,18.07,4555.0,20.39,927652.43
BAJAJ-AUTO.NS,2022,24.0,18.82,5019.0,19.06,955130.55
BAJAJ-AUTO.NS,2023,28.0,22.13,5628.0,18.33,1031996.29
BAJAJ-AUTO.NS,2024,38.0,30.08,7479.0,32.65,2440569.24
HEROMOTOCO.NS,2019,40.0,26.33,3385.0,12.95,87809.2
HEROMOTOCO.NS,2020,28.0,25.7,3633.0,7.84,57062.8
HEROMOTOCO.NS,2021,25.0,19.5,2964.0,17.71,105087.2
HEROMOTOCO.NS,2022,20.0,15.67,2473.0,17.08,84574.4
HEROMOTOCO.NS,2023,23.0,17.43,2911.0,15.43,89916.4
HEROMOTOCO.NS,2024,30.0,22.06,3968.0,22.84,181316.0
EICHERMOT.NS,2019,50.0,28.82,2054.0,25.32,51488.73
EICHERMOT.NS,2020,31.0,23.01,1904.0,18.14,34148.25
EICHERMOT.NS,2021,20.0,13.7,1330.0,51.69,67899.6
EICHERMOT.NS,2022,21.0,14.69,1586.0,41.16,64470.6
EICHERMOT.NS,2023,29.0,20.35,2623.0,30.08,77886.9
EICHERMOT.NS,2024,34.0,23.89,3749.0,28.5,105391.8
TVSMOTOR.NS,2019,24.0,20.01,670.0,32.9,22280.64
TVSMOTOR.NS,2020,17.0,16.36,592.0,23.27,13931.04
TVSMOTOR.NS,2021,17.0,14.67,612.0,44.56,27548.64
TVSMOTOR.NS,2022,22.0,18.54,894.0,32.83,29643.36
TVSMOTOR.NS,2023,27.0,24.65,1491.0,34.05,51289.44
TVSMOTOR.NS,2024,31.0,26.94,2083.0,48.59,102252.96
M&M.NS,2019,18.0,14.02,4796.0,16.05,369025.32
M&M.NS,2020,14.0,3.86,1331.0,25.3,161595.96
M&M.NS,2021,14.0,2.82,984.0,95.79,452925.99
M&M.NS,2022,15.0,12.75,4870.0,19.86,465309.78
M&M.NS,2023,21.0,15.1,6549.0,21.44,676438.72
M&M.NS,2024,26.0,20.35,10642.0,22.05,1132116.0
MARUTI.NS,2019,19.0,16.26,7501.0,26.09,978164.41
MARUTI.NS,2020,9.0,11.67,5651.0,22.01,621745.52
MARUTI.NS,2021,11.0,8.23,4230.0,47.46,1003435.77
MARUTI.NS,2022,6.0,6.96,3766.0,59.13,1113199.18
MARUTI.NS,2023,15.0,13.33,8049.0,30.54,1228834.98
MARUTI.NS,2024,19.0,15.73,13209.0,29.64,1954962.43
ULTRACEMCO.NS,2019,11.0,7.24,2412.0,44.93,1085265.5
ULTRACEMCO.NS,2020,12.0,14.25,5456.0,16.76,915329.47
ULTRACEMCO.NS,2021,16.0,12.32,5342.0,35.65,1906677.5
ULTRACEMCO.NS,2022,15.0,14.34,7067.0,26.54,1877407.58
ULTRACEMCO.NS,2023,13.0,9.27,4951.0,43.98,2179851.86
ULTRACEMCO.NS,2024,15.0,11.68,6905.0,41.37,2859863.08
AMBUJACEM.NS,2023,13.0,8.96,2553.0,28.07,143324.94
AMBUJACEM.NS,2024,9.0,6.31,2335.0,58.13,271642.8
ACC.NS,2023,9.0,0.0,0.0,0.0,309703.68
ACC.NS,2024,17.0,13.26,2124.0,22.34,475096.68
SHREECEM.NS,2019,12.0,9.91,951.0,67.36,643629.35
SHREECEM.NS,2020,16.0,12.14,1570.0,39.69,621825.84
SHREECEM.NS,2021,19.0,15.16,2312.0,45.27,1044225.36
SHREECEM.NS,2022,17.0,13.76,2377.0,36.06,855026.64
SHREECEM.NS,2023,9.0,7.26,1328.0,70.59,935469.72
SHREECEM.NS,2024,15.0,12.11,2468.0,38.53,948909.96
JKCEMENT.NS,2019,14.0,11.23,325.0,19.58,63389.48
JKCEMENT.NS,2020,19.0,12.78,400.0,17.74,70784.56
JKCEMENT.NS,2021,23.0,16.15,603.0,36.49,219208.22
JKCEMENT.NS,2022,19.0,14.84,631.0,29.41,184806.93
JKCEMENT.NS,2023,12.0,10.84,503.0,44.63,223555.64
JKCEMENT.NS,2024,16.0,15.52,831.0,39.75,329006.37
RAMCOCEM.NS,2019,14.0,11.34,506.0,33.99,17512.56
RAMCOCEM.NS,2020,12.0,12.22,601.0,19.85,12154.8
RAMCOCEM.NS,2021,15.0,13.52,761.0,30.79,23835.84
RAMCOCEM.NS,2022,10.0,13.69,893.0,20.14,18260.4
RAMCOCEM.NS,2023,7.0,5.06,344.0,51.76,18061.44
RAMCOCEM.NS,2024,8.0,5.53,395.0,50.44,20238.96
JSWSTEEL.NS,2019,22.0,23.27,8121.0,8.02,81146.59
JSWSTEEL.NS,2020,11.0,13.79,5291.0,6.26,41233.99
JSWSTEEL.NS,2021,17.0,17.87,8393.0,12.77,133918.88
JSWSTEEL.NS,2022,27.0,26.3,16702.0,10.13,210796.32
JSWSTEEL.NS,2023,10.0,7.76,4937.0,33.21,204096.06
JSWSTEEL.NS,2024,14.0,10.68,8041.0,26.24,263169.25
TATASTEEL.NS,2019,19.0,14.48,10533.0,4.68,50148.96
TATASTEEL.NS,2020,10.0,8.78,6744.0,3.78,25922.52
TATASTEEL.NS,2021,18.0,17.94,17078.0,4.9,83798.11
TATASTEEL.NS,2022,32.0,26.32,33011.0,4.26,140591.1
TATASTEEL.NS,2023,14.0,10.75,14685.0,8.06,118460.68
TATASTEEL.NS,2024,14.0,11.09,15662.0,12.45,195193.72
SAIL.NS,2019,8.0,5.71,2179.0,8.84,192380.67
SAIL.NS,2020,8.0,5.08,2022.0,4.05,81835.11
SAIL.NS,2021,11.0,8.85,3850.0,7.38,284254.11
SAIL.NS,2022,24.0,23.1,12015.0,3.18,382406.67
SAIL.NS,2023,6.0,3.65,1903.0,17.57,334611.0
SAIL.NS,2024,8.0,5.05,2733.0,21.1,576935.46
HINDALCO.NS,2019,4.0,2.48,1205.0,38.62,46040.58
HINDALCO.NS,2020,4.0,1.36,620.0,33.54,20548.32
HINDALCO.NS,2021,3.0,1.98,993.0,71.89,70540.5
HINDALCO.NS,2022,14.0,10.12,5507.0,22.74,123758.34
HINDALCO.NS,2023,8.0,5.69,3326.0,27.06,88893.24
HINDALCO.NS,2024,9.0,5.8,3697.0,34.37,125509.92
COALINDIA.NS,2019,79.0,74.8,10470.0,8.2,859060.57
COALINDIA.NS,2020,73.0,67.09,11281.0,4.92,554793.26
COALINDIA.NS,2021,46.0,45.61,7640.0,7.42,567304.15
COALINDIA.NS,2022,69.0,68.48,11202.0,7.96,891909.36
COALINDIA.NS,2023,91.0,88.6,14802.0,7.78,1151063.51
COALINDIA.NS,2024,94.0,91.0,15767.0,16.26,2563684.74
NMDC.NS,2019,28.0,17.89,4642.0,4.55,7031.88
NMDC.NS,2020,23.0,13.11,3610.0,4.44,5339.7
NMDC.NS,2021,30.0,21.01,6253.0,4.49,9358.42
NMDC.NS,2022,51.0,52.86,9448.0,3.57,11239.48
NMDC.NS,2023,29.0,24.76,5529.0,5.45,10035.25
NMDC.NS,2024,31.0,22.17,5632.0,10.69,20070.5
NATIONALUM.NS,2019,26.0,16.52,1732.0,4.44,38495.58
NATIONALUM.NS,2020,2.0,1.38,138.0,30.64,21151.11
NATIONALUM.NS,2021,13.0,12.17,1300.0,6.25,40603.14
NATIONALUM.NS,2022,34.0,23.51,2952.0,6.56,96830.64
NATIONALUM.NS,2023,15.0,11.66,1544.0,8.59,66325.5
NATIONALUM.NS,2024,17.0,14.14,2060.0,13.71,141261.84
MOIL.NS,2019,24.0,15.37,474.0,7.11,33769.62
MOIL.NS,2020,11.0,8.98,248.0,8.4,20813.34
MOIL.NS,2021,10.0,6.28,177.0,18.03,31784.07
MOIL.NS,2022,20.0,17.61,377.0,9.28,34903.82
MOIL.NS,2023,15.0,11.19,251.0,11.18,27932.8
MOIL.NS,2024,16.0,11.94,293.0,21.26,62237.77
ADANIENT.NS,2019,14.0,14.99,487.0,33.75,16447.2
ADANIENT.NS,2020,16.0,18.59,699.0,21.62,15098.6
ADANIENT.NS,2021,18.0,8.94,369.0,307.04,113142.7
ADANIENT.NS,2022,20.0,13.76,721.0,307.03,221215.5
ADANIENT.NS,2023,22.0,11.65,1623.0,122.84,199269.72
ADANIENT.NS,2024,22.0,17.09,2844.0,130.23,370400.82
POWERGRID.NS,2019,10.0,16.84,9939.0,7.43,415682.4
POWERGRID.NS,2020,11.0,16.78,10811.0,5.84,354834.24
POWERGRID.NS,2021,12.0,17.15,11936.0,7.66,514200.96
POWERGRID.NS,2022,12.0,22.45,17094.0,7.64,980057.25
POWERGRID.NS,2023,13.0,18.51,15333.0,9.39,1079799.75
POWERGRID.NS,2024,13.0,17.81,15475.0,16.27,2518152.74
NTPC.NS,2019,6.0,10.94,11750.0,8.91,1047781.55
NTPC.NS,2020,12.0,8.9,10113.0,6.63,670683.1
NTPC.NS,2021,9.0,11.57,13770.0,6.42,883881.55
NTPC.NS,2022,10.0,12.65,16282.0,7.28,1184779.46
NTPC.NS,2023,11.0,12.38,17197.0,9.35,1607083.81
NTPC.NS,2024,11.0,12.06,18079.0,17.97,3248301.06
TATAPOWER.NS,2019,7.0,11.28,1769.0,10.39,18341.1
TATAPOWER.NS,2020,6.0,0.97,148.0,55.58,8253.9
TATAPOWER.NS,2021,8.0,2.98,294.0,107.82,31740.8
TATAPOWER.NS,2022,9.0,25.58,2783.0,26.65,74278.4
TATAPOWER.NS,2023,15.0,23.85,3268.0,18.23,59689.6
TATAPOWER.NS,2024,12.0,14.12,2230.0,57.69,128864.0
NHPC.NS,2019,11.0,9.01,2631.0,7.06,185932.95
NHPC.NS,2020,8.0,10.03,3007.0,5.35,160820.45
NHPC.NS,2021,9.0,10.27,3245.0,6.48,210342.3
NHPC.NS,2022,6.0,10.57,3538.0,7.16,253334.9
NHPC.NS,2023,8.0,10.83,3834.0,10.03,384723.5
NHPC.NS,2024,8.0,10.05,3744.0,23.68,887375.3
JSWENERGY.NS,2019,6.0,2.47,251.0,45.05,113097.72
JSWENERGY.NS,2020,6.0,5.3,498.0,13.37,66517.42
JSWENERGY.NS,2021,4.0,1.6,186.0,75.41,139914.82
JSWENERGY.NS,2022,7.0,4.23,570.0,85.17,484702.0
JSWENERGY.NS,2023,6.0,5.22,711.0,54.91,389294.43
JSWENERGY.NS,2024,8.0,6.29,950.0,89.05,844639.11
BSOFT.NS,2019,13.0,14.19,168.0,15.25,5134.25
BSOFT.NS,2020,18.0,11.64,141.0,11.29,3161.95
BSOFT.NS,2021,21.0,13.93,194.0,34.59,13280.85
BSOFT.NS,2022,25.0,18.63,296.0,41.41,24556.56
BSOFT.NS,2023,18.0,16.38,200.0,35.02,14043.15
BSOFT.NS,2024,28.0,20.37,299.0,69.63,41474.4
TECHM.NS,2019,27.0,21.21,4380.0,15.56,341029.8
TECHM.NS,2020,25.0,20.36,4534.0,11.01,249595.08
TECHM.NS,2021,23.0,16.95,4239.0,20.86,442080.76
TECHM.NS,2022,25.0,19.16,5023.0,26.72,671360.4
TECHM.NS,2023,19.0,14.99,3778.0,26.18,494353.7
TECHM.NS,2024,11.0,8.93,2064.0,56.28,580378.4
WIPRO.NS,2019,20.0,15.42,7614.0,20.24,154158.04
WIPRO.NS,2020,22.0,18.69,8681.0,12.63,109739.43
WIPRO.NS,2021,25.0,22.24,10061.0,22.07,222060.56
WIPRO.NS,2022,27.0,22.33,12135.0,26.16,317368.72
WIPRO.NS,2023,19.0,14.62,9177.0,21.37,196201.62
WIPRO.NS,2024,20.0,15.78,9119.0,27.23,248448.75
LTTS.NS,2019,42.0,28.74,700.0,22.23,31426.29
LTTS.NS,2020,43.0,30.15,790.0,14.45,22939.14
LTTS.NS,2021,28.0,20.15,673.0,39.52,53184.6
LTTS.NS,2022,31.0,23.06,918.0,56.38,103047.42
LTTS.NS,2023,35.0,27.43,1153.0,30.01,68822.46
LTTS.NS,2024,33.0,24.91,1258.0,46.2,115461.57
HCLTECH.NS,2019,34.0,26.89,8185.0,15.36,125616.63
HCLTECH.NS,2020,33.0,23.89,8969.0,11.12,199536.21
HCLTECH.NS,2021,30.0,20.07,8743.0,26.05,455843.07
HCLTECH.NS,2022,30.0,25.53,10874.0,25.54,555765.93
HCLTECH.NS,2023,34.0,27.88,11459.0,23.68,543054.3
HCLTECH.NS,2024,38.0,29.58,11674.0,34.8,812979.6
MPHASIS.NS,2019,26.0,23.57,769.0,20.13,154725.96
MPHASIS.NS,2020,39.0,32.76,1205.0,8.93,107833.55
MPHASIS.NS,2021,35.0,25.75,1110.0,27.05,300219.15
MPHASIS.NS,2022,35.0,27.77,1235.0,47.0,581098.6
MPHASIS.NS,2023,39.0,28.23,1414.0,22.36,315529.8
MPHASIS.NS,2024,38.0,25.28,1446.0,30.87,446508.72
COFORGE.NS,2019,23.0,17.55,299.0,26.38,15834.8
COFORGE.NS,2020,22.0,21.37,422.0,16.45,13785.08
COFORGE.NS,2021,15.0,13.3,240.0,72.15,34857.23
COFORGE.NS,2022,34.0,29.19,644.0,41.33,53376.83
COFORGE.NS,2023,34.0,27.99,732.0,31.44,45985.46
COFORGE.NS,2024,34.0,29.95,992.0,34.01,67658.74
PERSISTENT.NS,2019,19.0,14.18,315.0,15.02,23361.88
PERSISTENT.NS,2020,23.0,17.75,408.0,9.94,20140.76
PERSISTENT.NS,2021,25.0,18.26,505.0,28.21,70822.88
PERSISTENT.NS,2022,29.0,20.68,686.0,51.86,176824.64
PERSISTENT.NS,2023,29.0,20.07,791.0,43.91,172652.24
PERSISTENT.NS,2024,29.0,20.63,986.0,61.96,305234.16
HAVELLS.NS,2019,30.0,18.77,787.0,59.0,46793.88
HAVELLS.NS,2020,22.0,17.03,733.0,39.8,29359.89
HAVELLS.NS,2021,29.0,20.14,1040.0,61.51,64362.69
HAVELLS.NS,2022,27.0,19.95,1195.0,59.09,71033.76
HAVELLS.NS,2023,22.0,16.25,1075.0,68.21,73737.72
HAVELLS.NS,2024,24.0,17.11,1273.0,73.82,94498.11
VGUARD.NS,2019,26.0,18.44,166.0,55.61,9278.11
VGUARD.NS,2020,26.0,18.61,185.0,35.28,6554.06
VGUARD.NS,2021,26.0,16.47,199.0,53.54,10660.13
VGUARD.NS,2022,22.0,16.19,227.0,40.5,9159.86
VGUARD.NS,2023,14.0,11.27,179.0,59.82,10675.18
VGUARD.NS,2024,16.0,13.07,231.0,62.6,14321.15
CROMPTON.NS,2019,38.0,36.7,403.0,34.19,27441.25
CROMPTON.NS,2020,35.0,33.74,495.0,25.42,25070.0
CROMPTON.NS,2021,34.0,31.53,605.0,39.56,47997.18
CROMPTON.NS,2022,24.0,24.14,593.0,38.95,46355.0
CROMPTON.NS,2023,17.0,16.77,476.0,38.49,36567.11
CROMPTON.NS,2024,18.0,14.54,466.0,37.0,34604.25
POLYCAB.NS,2019,28.0,17.59,501.0,0.0,0.0
POLYCAB.NS,2020,29.0,19.82,761.0,14.12,107540.75
POLYCAB.NS,2021,23.0,17.65,831.0,24.07,199929.69
POLYCAB.NS,2022,21.0,16.87,931.0,37.09,344426.91
POLYCAB.NS,2023,27.0,19.21,1269.0,33.46,425220.0
POLYCAB.NS,2024,31.0,21.73,1770.0,43.14,762156.0
FINCABLES.NS,2019,23.0,14.1,344.0,19.84,13839.02
FINCABLES.NS,2020,19.0,14.78,402.0,7.33,5982.07
FINCABLES.NS,2021,14.0,9.59,283.0,19.88,11401.8
FINCABLES.NS,2022,17.0,12.41,405.0,13.93,11422.26
FINCABLES.NS,2023,19.0,13.53,502.0,24.47,24887.11
FINCABLES.NS,2024,19.0,13.6,572.0,26.0,30114.64
KEI.NS,2019,29.0,23.36,182.0,17.95,6618.88
KEI.NS,2020,28.0,16.92,255.0,9.32,4781.34
KEI.NS,2021,21.0,15.22,270.0,17.36,9351.18
KEI.NS,2022,24.0,17.61,376.0,30.09,22611.06
KEI.NS,2023,26.0,18.42,477.0,32.03,30513.42
KEI.NS,2024,27.0,18.46,581.0,54.31,62944.38
DMART.NS,2019,26.0,16.73,936.0,99.53,931600.8
DMART.NS,2020,21.0,12.12,1350.0,104.97,1417500.0
DMART.NS,2021,13.0,9.47,1165.0,158.92,1852664.4
DMART.NS,2022,16.0,11.61,1616.0,160.45,2594170.8
DMART.NS,2023,21.0,15.49,2556.0,86.26,2203880.4
DMART.NS,2024,20.0,13.98,2695.0,108.27,2918628.3
UBL.NS,2019,28.0,17.7,563.0,65.01,35971.0
UBL.NS,2020,17.0,12.14,427.0,55.78,23435.36
UBL.NS,2021,5.0,3.16,113.0,285.94,31744.96
UBL.NS,2022,13.0,9.28,365.0,106.19,38102.22
UBL.NS,2023,11.0,7.65,303.0,122.87,36675.08
UBL.NS,2024,13.0,9.8,409.0,114.39,46039.24
PAGEIND.NS,2019,69.0,50.84,394.0,67.75,263227.25
PAGEIND.NS,2020,53.0,41.83,343.0,52.17,176598.62
PAGEIND.NS,2021,48.0,38.53,341.0,94.87,318663.07
PAGEIND.NS,2022,67.0,49.36,537.0,86.46,457471.19
PAGEIND.NS,2023,54.0,41.65,571.0,71.68,403841.68
PAGEIND.NS,2024,45.0,35.63,569.0,66.45,372990.86
RAJESHEXPO.NS,2019,7.0,9.69,442.0,44.4,19941.0
RAJESHEXPO.NS,2020,8.0,8.16,403.0,39.89,16345.8
RAJESHEXPO.NS,2021,4.0,1.98,99.0,142.5,14320.8
RAJESHEXPO.NS,2022,2.0,0.46,23.0,896.03,20698.2
RAJESHEXPO.NS,2023,2.0,0.6,30.0,592.33,18303.0
RAJESHEXPO.NS,2024,3.0,0.34,17.0,498.28,8670.0
RELAXO.NS,2019,26.0,15.84,175.0,56.67,4808.04
RELAXO.NS,2020,24.0,17.75,226.0,65.03,14810.0
RELAXO.NS,2021,26.0,18.56,292.0,73.83,21670.5
RELAXO.NS,2022,18.0,13.24,233.0,113.03,26421.75
RELAXO.NS,2023,12.0,8.3,154.0,136.15,21137.5
RELAXO.NS,2024,14.0,10.0,200.0,101.81,20490.0
INDIAMART.NS,2019,0.0,8.07,13.0,0.0,0.0
INDIAMART.NS,2020,86.0,53.09,146.0,37.74,27692.1
INDIAMART.NS,2021,40.0,17.76,287.0,80.79,114475.2
INDIAMART.NS,2022,22.0,16.38,310.0,42.12,66220.65
INDIAMART.NS,2023,17.0,13.17,272.0,55.79,76934.56
INDIAMART.NS,2024,24.0,20.45,362.0,44.54,161400.6
BIOCON.NS,2019,5.0,6.93,493.0,74.46,91812.0
BIOCON.NS,2020,5.0,5.85,441.0,72.98,160692.0
BIOCON.NS,2021,5.0,3.54,280.0,172.98,242868.0
BIOCON.NS,2022,2.0,1.06,86.0,461.42,199332.0
BIOCON.NS,2023,2.0,26.09,2848.0,8.63,122760.0
BIOCON.NS,2024,3.0,1.09,119.0,271.69,161382.0
DIVISLAB.NS,2019,28.0,19.12,1333.0,32.86,87415.55
DIVISLAB.NS,2020,24.0,18.76,1373.0,37.48,102726.72
DIVISLAB.NS,2021,32.0,21.09,1955.0,47.95,187103.25
DIVISLAB.NS,2022,35.0,25.22,2949.0,38.78,228280.54
DIVISLAB.NS,2023,19.0,14.23,1808.0,40.87,147533.45
DIVISLAB.NS,2024,16.0,11.69,1576.0,59.73,187947.54
CIPLA.NS,2019,16.0,11.96,1888.0,21.7,81910.36
CIPLA.NS,2020,17.0,13.32,2318.0,14.32,66274.04
CIPLA.NS,2021,17.0,12.39,2468.0,25.92,127751.89
CIPLA.NS,2022,18.0,13.14,2958.0,27.18,160441.33
CIPLA.NS,2023,13.0,10.2,2513.0,28.44,142605.75
CIPLA.NS,2024,19.0,14.57,4077.0,29.43,239254.05
AUROPHARMA.NS,2019,15.0,13.48,1530.0,29.25,45064.79
AUROPHARMA.NS,2020,16.0,14.38,1877.0,12.51,23644.84
AUROPHARMA.NS,2021,23.0,19.55,3113.0,16.17,50672.15
AUROPHARMA.NS,2022,9.0,8.5,1455.0,26.41,38692.2
AUROPHARMA.NS,2023,8.0,6.8,1227.0,24.63,30432.79
AUROPHARMA.NS,2024,12.0,9.91,1954.0,33.38,65687.65
DRREDDY.NS,2019,12.0,10.07,1277.0,35.36,45141.21
DRREDDY.NS,2020,19.0,19.34,2938.0,17.17,50405.9
DRREDDY.NS,2021,15.0,12.87,2186.0,33.64,73411.84
DRREDDY.NS,2022,12.0,8.85,1623.0,43.12,69826.24
DRREDDY.NS,2023,19.0,12.76,2613.0,29.05,75661.97
DRREDDY.NS,2024,25.0,17.91,4342.0,23.86,103101.77
GLENMARK.NS,2019,13.0,13.58,1622.0,11.07,17817.52
GLENMARK.NS,2020,11.0,10.24,1355.0,4.2,5646.48
GLENMARK.NS,2021,12.0,11.14,1649.0,7.83,12811.12
GLENMARK.NS,2022,11.0,11.94,1998.0,6.18,12243.0
GLENMARK.NS,2023,11.0,6.76,1209.0,10.8,12955.04
GLENMARK.NS,2024,10.0,22.49,5167.0,5.36,27469.12
ZYDUSLIFE.NS,2019,16.0,17.34,1486.0,22.51,33319.32
ZYDUSLIFE.NS,2020,14.0,12.55,1413.0,18.89,26592.42
ZYDUSLIFE.NS,2021,12.0,11.58,1476.0,29.83,43871.22
ZYDUSLIFE.NS,2022,10.0,6.48,858.0,40.81,34880.94
ZYDUSLIFE.NS,2023,14.0,11.21,1529.0,32.15,49065.8
ZYDUSLIFE.NS,2024,23.0,21.9,3442.0,29.16,100728.31
ALKEM.NS,2019,17.0,14.64,800.0,24.81,39828.48
ALKEM.NS,2020,20.0,20.12,1264.0,21.16,53700.0
ALKEM.NS,2021,23.0,22.1,1685.0,19.09,64573.92
ALKEM.NS,2022,18.0,17.62,1541.0,27.56,85260.0
ALKEM.NS,2023,13.0,12.13,1134.0,35.16,80073.84
ALKEM.NS,2024,18.0,16.55,1747.0,33.98,119169.84
IRCTC.NS,2019,44.0,28.85,309.0,0.0,0.0
IRCTC.NS,2020,62.0,39.04,513.0,29.65,30404.8
IRCTC.NS,2021,16.0,12.84,187.0,145.49,54472.0
IRCTC.NS,2022,51.0,35.29,660.0,91.43,120545.6
IRCTC.NS,2023,59.0,40.6,1006.0,44.66,89817.6
IRCTC.NS,2024,54.0,34.4,1111.0,68.92,153158.4
NYKAA.NS,2019,1.0,0.34,1.0,0.0,0.0
NYKAA.NS,2020,5.0,3.58,15.0,0.0,0.0
NYKAA.NS,2021,9.0,6.42,36.0,0.0,0.0
NYKAA.NS,2022,12.0,6.71,104.0,782.19,13234.73
NYKAA.NS,2023,5.0,3.92,57.0,621.25,35411.25
NYKAA.NS,2024,6.0,7.19,117.0,401.34,47061.3
